UF;Leitos
TO;216
TO;16
TO;20
TO;130
TO;105
TO;97
TO;49
TO;75
TO;31
TO;130
TO;282
TO;43
TO;108
TO;53
TO;92
TO;39
TO;67
TO;62
TO;57
TO;36
TO;79
TO;190
TO;167
TO;53
TO;52
TO;47
TO;66
TO;26
TO;50
TO;125
TO;41
TO;128
TO;20
TO;95
TO;286
TO;14
TO;26
TO;33
TO;163
TO;18
TO;90
TO;36
TO;60
TO;41
TO;127
TO;22
TO;72
TO;116
TO;125
TO;28
TO;92
TO;163
TO;40
TO;25
TO;112
TO;30
TO;100
TO;56
TO;20
TO;70
TO;150
TO;128
TO;36
SP;58
SP;137
SP;232
SP;136
SP;90
SP;248
SP;155
SP;275
SP;225
SP;124
SP;193
SP;44
SP;17
SP;167
SP;92
SP;90
SP;13
SP;130
SP;264
SP;100
SP;75
SP;29
SP;60
SP;89
SP;44
SP;120
SP;104
SP;30
SP;70
SP;50
SP;104
SP;90
SP;36
SP;9
SP;79
SP;66
SP;9
SP;30
SP;39
SP;23
SP;432
SP;376
SP;150
SP;154
SP;132
SP;68
SP;16
SP;31
SP;7
SP;120
SP;57
SP;9
SP;22
SP;41
SP;50
SP;20
SP;8
SP;30
SP;36
SP;50
SP;102
SP;160
SP;12
SP;40
SP;28
SP;48
SP;40
SP;60
SP;62
SP;50
SP;173
SP;187
SP;348
SP;397
SP;82
SP;34
SP;179
SP;231
SP;165
SP;390
SP;162
SP;149
SP;184
SP;174
SP;276
SP;335
SP;210
SP;178
SP;228
SP;239
SP;180
SP;226
SP;228
SP;148
SP;218
SP;298
SP;248
SP;141
SP;500
SP;171
SP;268
SP;165
SP;216
SP;360
SP;360
SP;360
SP;280
SP;160
SP;56
SP;70
SP;110
SP;53
SP;42
SP;238
SP;41
SP;48
SP;396
SP;20
SP;12
SP;186
SP;159
SP;38
SP;180
SP;34
SP;38
SP;124
SP;332
SP;80
SP;41
SP;30
SP;34
SP;116
SP;60
SP;75
SP;112
SP;688
SP;484
SP;170
SP;134
SP;409
SP;566
SP;332
SP;200
SP;182
SP;1.126
SP;1.200
SP;456
SP;88
SP;52
SP;60
SP;51
SP;80
SP;162
SP;103
SP;54
SP;60
SP;26
SP;66
SP;200
SP;73
SP;20
SP;74
SP;517
SP;78
SP;34
SP;209
SP;41
SP;192
SP;104
SP;326
SP;400
SP;2
SP;22
SP;450
SP;200
SP;200
SP;54
SP;281
SP;125
SP;70
SP;28
SP;39
SP;150
SP;110
SP;120
SP;64
SP;80
SP;18
SP;140
SP;75
SP;119
SP;674
SP;30
SP;200
SP;93
SP;159
SP;56
SP;114
SP;140
SP;650
SP;10
SP;80
SP;16
SP;80
SP;76
SP;150
SP;298
SP;349
SP;160
SP;102
SP;8
SP;37
SP;20
SP;60
SP;45
SP;436
SP;60
SP;24
SP;43
SP;14
SP;153
SP;74
SP;118
SP;22
SP;16
SP;45
SP;219
SP;10
SP;26
SP;69
SP;47
SP;35
SP;21
SP;30
SP;45
SP;46
SP;128
SP;136
SP;30
SP;10
SP;56
SP;10
SP;53
SP;320
SP;18
SP;54
SP;112
SP;60
SP;60
SP;50
SP;60
SP;12
SP;120
SP;348
SP;154
SP;112
SP;130
SP;170
SP;168
SP;154
SP;170
SP;250
SP;50
SP;78
SP;148
SP;168
SP;210
SP;50
SP;56
SP;54
SP;16
SP;87
SP;174
SP;129
SP;200
SP;130
SP;49
SP;84
SP;108
SP;180
SP;42
SP;28
SP;22
SP;132
SP;51
SP;30
SP;172
SP;280
SP;36
SP;264
SP;10
SP;40
SP;301
SP;45
SP;57
SP;29
SP;324
SP;147
SP;110
SP;179
SP;130
SP;150
SP;202
SP;138
SP;219
SP;150
SP;60
SP;16
SP;46
SP;80
SP;9
SP;20
SP;448
SP;230
SP;100
SP;144
SP;64
SP;39
SP;294
SP;276
SP;92
SP;68
SP;605
SP;139
SP;147
SP;609
SP;397
SP;47
SP;44
SP;15
SP;13
SP;13
SP;16
SP;34
SP;12
SP;28
SP;13
SP;39
SP;180
SP;82
SP;120
SP;73
SP;995
SP;295
SP;92
SP;256
SP;58
SP;124
SP;24
SP;168
SP;54
SP;153
SP;122
SP;150
SP;300
SP;168
SP;336
SP;133
SP;41
SP;194
SP;139
SP;314
SP;528
SP;129
SP;1.134
SP;989
SP;520
SP;207
SP;416
SP;384
SP;119
SP;109
SP;144
SP;240
SP;134
SP;128
SP;120
SP;157
SP;391
SP;144
SP;236
SP;308
SP;236
SP;144
SP;203
SP;146
SP;86
SP;194
SP;177
SP;195
SP;162
SP;288
SP;88
SP;166
SP;301
SP;422
SP;110
SP;267
SP;172
SP;256
SP;285
SP;633
SP;228
SP;144
SP;190
SP;63
SP;208
SP;300
SP;567
SP;210
SP;218
SP;320
SP;134
SP;148
SP;40
SP;50
SP;160
SP;160
SP;150
SP;94
SP;82
SP;121
SP;15
SP;1.098
SP;300
SP;480
SP;60
SP;27
SP;99
SP;170
SP;85
SP;116
SP;120
SP;208
SP;54
SP;174
SP;199
SP;150
SP;60
SP;158
SP;25
SP;32
SP;196
SP;120
SP;150
SP;265
SP;31
SP;150
SP;140
SP;189
SP;225
SP;39
SP;60
SP;382
SP;46
SP;434
SP;212
SP;113
SP;410
SP;350
SP;132
SP;200
SP;16
SP;700
SP;120
SP;189
SP;52
SP;240
SP;59
SP;80
SP;56
SP;24
SP;31
SP;270
SP;91
SP;86
SP;85
SP;46
SP;248
SP;248
SP;106
SP;482
SP;300
SP;130
SP;308
SP;30
SP;66
SP;25
SP;28
SP;501
SP;210
SP;45
SP;24
SP;210
SP;18
SP;60
SP;48
SP;163
SP;158
SP;70
SP;40
SP;33
SP;160
SP;129
SP;270
SP;70
SP;300
SP;27
SP;405
SP;488
SP;53
SP;110
SP;295
SP;252
SP;233
SP;270
SP;110
SP;27
SP;179
SP;144
SP;257
SP;54
SP;184
SP;140
SP;277
SP;123
SP;29
SP;28
SP;82
SP;56
SP;42
SP;78
SP;67
SP;53
SP;90
SP;84
SP;155
SP;100
SP;220
SP;138
SP;160
SP;55
SP;111
SP;50
SP;40
SP;24
SP;120
SP;360
SP;27
SP;160
SP;118
SP;115
SP;105
SP;41
SP;60
SP;60
SP;228
SP;100
SP;70
SP;120
SP;276
SP;60
SP;656
SP;380
SP;31
SP;170
SP;159
SP;374
SP;158
SP;90
SP;45
SP;44
SP;245
SP;156
SP;160
SP;111
SP;15
SP;190
SP;147
SP;123
SP;224
SP;128
SP;312
SP;80
SP;360
SP;44
SP;13
SP;40
SP;76
SP;140
SP;394
SP;220
SP;200
SP;44
SP;92
SP;34
SP;31
SP;22
SP;60
SP;14
SP;28
SP;120
SP;12
SP;59
SP;26
SP;6
SP;34
SP;39
SP;20
SP;50
SP;4
SP;25
SP;46
SP;54
SP;10
SP;76
SP;85
SP;150
SP;173
SP;75
SP;9
SP;76
SP;71
SP;62
SP;136
SP;18
SP;160
SP;500
SP;87
SP;145
SP;48
SP;165
SP;125
SP;112
SP;378
SP;203
SP;322
SP;48
SP;503
SP;12
SP;140
SP;46
SP;166
SP;15
SP;30
SP;111
SP;155
SP;105
SP;708
SP;64
SP;25
SP;35
SP;33
SP;6
SP;80
SP;120
SP;8
SP;7
SP;6
SP;19
SP;15
SP;24
SP;25
SP;134
SP;98
SP;37
SP;43
SP;180
SP;357
SP;156
SP;18
SP;65
SP;20
SP;68
SP;24
SP;15
SP;70
SP;76
SP;70
SP;37
SP;9
SP;77
SP;50
SP;37
SP;9
SP;22
SP;10
SP;50
SP;8
SP;71
SP;138
SP;70
SP;9
SP;192
SP;59
SP;87
SP;154
SP;117
SP;800
SP;190
SP;9
SP;36
SP;124
SP;43
SP;94
SP;30
SP;17
SP;16
SP;57
SP;9
SP;280
SP;490
SP;22
SP;39
SP;21
SP;420
SP;400
SP;225
SP;177
SP;281
SP;288
SP;336
SP;292
SP;700
SP;800
SP;400
SP;450
SP;16
SP;545
SP;71
SP;32
SP;119
SP;46
SP;9
SP;39
SP;230
SP;128
SP;100
SP;276
SP;550
SP;185
SP;476
SP;90
SP;60
SP;320
SP;90
SP;120
SP;56
SP;22
SP;108
SP;215
SP;200
SP;10
SP;9
SP;11
SP;100
SP;23
SP;105
SP;220
SP;29
SP;528
SP;105
SP;28
SP;132
SP;500
SP;93
SP;140
SP;205
SP;40
SP;35
SP;76
SP;45
SP;124
SP;42
SP;206
SP;103
SP;262
SP;138
SP;21
SP;54
SP;100
SP;450
SP;30
SP;234
SP;353
SP;180
SP;163
SP;1.233
SP;36
SP;74
SP;25
SP;285
SP;224
SP;105
SP;62
SP;10
SP;135
SP;60
SP;60
SP;42
SP;9
SP;77
SP;100
SP;25
SP;38
SP;56
SP;116
SP;208
SP;86
SP;110
SP;89
SP;107
SP;34
SP;92
SP;72
SP;120
SP;370
SP;132
SP;56
SP;101
SP;84
SP;100
SP;42
SP;38
SP;49
SP;73
SP;64
SP;34
SP;28
SP;20
SP;70
SP;69
SP;50
SP;117
SP;40
SP;9
SP;44
SP;86
SP;35
SP;30
SP;44
SP;22
SP;26
SP;172
SP;130
SP;36
SP;25
SP;10
SP;35
SP;34
SP;97
SP;41
SP;15
SP;60
SP;12
SP;33
SP;33
SP;156
SP;32
SP;12
SP;65
SP;35
SP;23
SP;9
SP;15
SP;148
SP;76
SP;40
SP;156
SP;66
SP;100
SP;20
SP;38
SP;43
SP;63
SP;54
SP;25
SP;64
SP;45
SP;34
SP;50
SP;16
SP;27
SP;67
SP;50
SP;26
SP;9
SP;72
SP;70
SP;51
SP;96
SP;52
SP;100
SP;35
SP;12
SP;200
SP;200
SP;80
SP;60
SP;28
SP;57
SP;11
SP;39
SP;24
SP;8
SP;19
SP;45
SP;57
SP;128
SP;42
SP;12
SP;10
SP;77
SP;60
SP;13
SP;396
SP;45
SP;193
SP;218
SP;80
SP;177
SP;26
SP;51
SP;72
SP;30
SP;70
SP;14
SP;150
SP;139
SP;80
SP;13
SP;236
SP;15
SP;573
SP;25
SP;178
SP;50
SP;60
SP;16
SP;150
SP;17
SP;65
SP;57
SP;132
SP;104
SP;168
SP;59
SP;51
SP;40
SP;160
SP;120
SP;94
SP;50
SP;135
SP;200
SP;70
SP;138
SP;184
SP;138
SP;165
SP;54
SP;94
SP;10
SP;40
SP;9
SP;50
SP;25
SP;8
SP;2.280
SP;380
SP;2.034
SP;63
SP;27
SP;174
SP;42
SP;36
SP;95
SP;150
SP;125
SP;250
SP;453
SP;161
SP;148
SP;94
SP;452
SP;86
SP;110
SP;173
SP;79
SP;301
SP;105
SP;90
SP;168
SP;155
SP;260
SP;1.652
SP;67
SP;100
SP;130
SP;85
SP;37
SP;48
SP;30
SP;6
SP;122
SP;140
SP;25
SP;264
SP;229
SP;100
SP;80
SP;333
SP;30
SP;90
SP;32
SP;160
SP;184
SP;44
SP;57
SP;57
SP;49
SP;140
SP;40
SP;158
SP;80
SP;55
SP;680
SP;76
SP;24
SP;360
SP;102
SP;80
SP;79
SP;83
SP;200
SP;150
SP;46
SP;138
SP;50
SP;335
SP;400
SP;71
SP;167
SP;200
SP;296
SP;391
SP;96
SP;161
SP;122
SP;135
SP;141
SP;276
SP;70
SP;87
SP;70
SP;90
SP;40
SP;102
SP;64
SP;54
SP;95
SP;25
SP;10
SP;90
SP;40
SP;80
SP;55
SP;23
SP;100
SP;118
SP;84
SP;42
SP;38
SP;300
SP;20
SP;72
SP;51
SP;40
SP;74
SP;275
SP;123
SP;52
SP;105
SP;166
SP;144
SP;172
SP;60
SP;252
SP;252
SP;176
SP;308
SP;138
SP;42
SP;124
SP;42
SP;57
SP;39
SP;120
SP;60
SP;21
SP;219
SP;72
SP;128
SP;70
SP;68
SE;40
SE;200
SE;80
SE;40
SE;234
SE;31
SE;186
SE;279
SE;222
SE;50
SE;216
SE;300
SE;146
SE;267
SE;108
SE;296
SE;60
SE;131
SE;23
SE;121
SE;58
SE;50
SE;148
SE;98
SE;72
SE;24
SE;64
SE;15
SE;106
SE;166
SE;410
SE;100
SE;40
SE;75
SE;110
SE;240
SE;135
SE;113
SE;110
SE;209
SE;69
SE;110
SC;96
SC;400
SC;76
SC;210
SC;181
SC;198
SC;130
SC;65
SC;60
SC;86
SC;15
SC;142
SC;50
SC;69
SC;120
SC;129
SC;106
SC;148
SC;180
SC;128
SC;160
SC;220
SC;252
SC;220
SC;264
SC;360
SC;264
SC;30
SC;24
SC;8
SC;192
SC;111
SC;99
SC;298
SC;424
SC;30
SC;190
SC;96
SC;111
SC;24
SC;88
SC;222
SC;10
SC;602
SC;32
SC;196
SC;281
SC;198
SC;51
SC;136
SC;252
SC;15
SC;47
SC;53
SC;17
SC;220
SC;32
SC;42
SC;21
SC;9
SC;144
SC;21
SC;25
SC;12
SC;8
SC;69
SC;53
SC;12
SC;70
SC;330
SC;280
SC;135
SC;150
SC;29
SC;6
SC;91
SC;19
SC;92
SC;26
SC;32
SC;24
SC;110
SC;35
SC;264
SC;396
SC;234
SC;90
SC;6
SC;140
SC;8
SC;9
SC;79
SC;8
SC;100
SC;160
SC;120
SC;58
SC;330
SC;24
SC;160
SC;28
SC;444
SC;136
SC;250
SC;130
SC;130
SC;162
SC;106
SC;12
SC;21
SC;24
SC;64
SC;46
SC;44
SC;28
SC;84
SC;165
SC;216
SC;107
SC;230
SC;75
SC;200
SC;94
SC;212
SC;210
SC;263
SC;400
SC;267
SC;88
SC;18
SC;162
SC;350
SC;17
SC;62
SC;160
SC;220
SC;210
SC;301
SC;305
SC;400
SC;156
SC;260
SC;146
SC;82
SC;120
SC;321
SC;139
SC;284
SC;199
SC;90
SC;115
SC;75
SC;60
SC;279
SC;270
SC;60
SC;215
SC;49
SC;60
SC;200
SC;236
SC;94
SC;78
SC;110
SC;96
SC;60
SC;130
SC;266
SC;62
SC;50
SC;175
SC;15
SC;200
SC;135
SC;150
SC;57
SC;240
SC;200
SC;263
SC;412
SC;12
SC;210
SC;500
SC;420
SC;50
SC;177
SC;978
SC;1.152
SC;157
SC;280
SC;40
SC;22
SC;252
SC;28
SC;35
SC;42
SC;12
SC;82
SC;130
SC;28
SC;200
SC;26
SC;81
SC;14
SC;212
SC;130
SC;62
SC;20
SC;60
SC;315
SC;12
SC;200
SC;14
SC;39
SC;130
SC;20
SC;70
SC;64
SC;70
SC;250
SC;34
SC;147
SC;117
SC;50
SC;60
SC;400
SC;80
SC;572
SC;25
SC;26
SC;12
SC;15
SC;24
SC;66
SC;120
SC;390
SC;450
SC;180
SC;60
SC;66
SC;30
SC;50
SC;50
SC;38
SC;22
SC;62
SC;16
SC;19
SC;42
SC;4
SC;40
SC;63
SC;27
SC;50
SC;155
SC;49
SC;22
SC;60
SC;60
SC;99
SC;90
SC;60
SC;22
SC;36
SC;135
SC;75
SC;180
SC;30
SC;108
SC;20
SC;80
SC;20
SC;4
SC;60
SC;20
SC;30
SC;38
SC;15
SC;60
SC;50
SC;160
SC;360
SC;360
SC;160
SC;252
SC;166
SC;8
SC;210
SC;49
SC;110
SC;300
SC;72
SC;240
SC;113
SC;6
SC;60
SC;54
SC;64
SC;20
SC;14
SC;100
SC;24
SC;46
SC;90
SC;150
SC;50
SC;160
SC;232
SC;128
SC;31
SC;260
SC;350
SC;120
SC;113
SC;119
SC;254
SC;210
SC;38
SC;325
SC;158
SC;207
SC;260
SC;32
SC;70
SC;187
SC;199
SC;16
SC;142
SC;38
SC;151
SC;128
SC;370
SC;140
SC;12
SC;32
SC;70
SC;6
SC;43
SC;16
SC;309
SC;212
SC;140
SC;240
SC;60
SC;120
RS;21
RS;144
RS;415
RS;90
RS;200
RS;147
RS;300
RS;50
RS;51
RS;38
RS;50
RS;346
RS;25
RS;52
RS;49
RS;208
RS;65
RS;154
RS;160
RS;294
RS;120
RS;220
RS;308
RS;308
RS;360
RS;308
RS;332
RS;264
RS;360
RS;300
RS;70
RS;78
RS;175
RS;218
RS;430
RS;278
RS;264
RS;214
RS;217
RS;35
RS;55
RS;44
RS;278
RS;504
RS;88
RS;46
RS;200
RS;25
RS;68
RS;43
RS;8
RS;52
RS;480
RS;30
RS;46
RS;10
RS;80
RS;100
RS;100
RS;19
RS;32
RS;200
RS;250
RS;90
RS;158
RS;150
RS;153
RS;90
RS;200
RS;57
RS;520
RS;180
RS;140
RS;184
RS;90
RS;75
RS;192
RS;168
RS;45
RS;500
RS;70
RS;80
RS;82
RS;180
RS;250
RS;344
RS;80
RS;180
RS;40
RS;336
RS;252
RS;200
RS;144
RS;242
RS;160
RS;88
RS;47
RS;21
RS;18
RS;8
RS;199
RS;160
RS;66
RS;72
RS;147
RS;12
RS;100
RS;80
RS;283
RS;249
RS;12
RS;130
RS;32
RS;54
RS;90
RS;25
RS;107
RS;71
RS;272
RS;718
RS;43
RS;196
RS;222
RS;26
RS;30
RS;304
RS;180
RS;36
RS;167
RS;128
RS;50
RS;104
RS;150
RS;150
RS;250
RS;90
RS;174
RS;320
RS;176
RS;132
RS;76
RS;150
RS;180
RS;70
RS;30
RS;304
RS;73
RS;100
RS;400
RS;247
RS;100
RS;315
RS;252
RS;110
RS;142
RS;105
RS;252
RS;50
RS;56
RS;79
RS;120
RS;188
RS;252
RS;250
RS;273
RS;766
RS;90
RS;230
RS;54
RS;113
RS;208
RS;145
RS;22
RS;200
RS;179
RS;26
RS;235
RS;207
RS;256
RS;26
RS;230
RS;144
RS;120
RS;85
RS;157
RS;50
RS;110
RS;60
RS;163
RS;90
RS;148
RS;86
RS;91
RS;500
RS;192
RS;269
RS;409
RS;179
RS;270
RS;174
RS;424
RS;201
RS;36
RS;120
RS;80
RS;80
RS;80
RS;300
RS;103
RS;190
RS;183
RS;64
RS;50
RS;56
RS;82
RS;49
RS;60
RS;125
RS;160
RS;262
RS;220
RS;105
RS;84
RS;40
RS;78
RS;90
RS;105
RS;320
RS;360
RS;250
RS;185
RS;72
RS;71
RS;304
RS;190
RS;48
RS;30
RS;354
RS;40
RS;348
RS;170
RS;292
RS;183
RS;300
RS;70
RS;132
RS;14
RS;122
RS;110
RS;100
RS;42
RS;31
RS;13
RS;51
RS;132
RS;210
RS;8
RS;87
RS;80
RS;70
RS;60
RS;200
RS;108
RS;140
RS;19
RS;8
RS;25
RS;80
RS;144
RS;96
RS;100
RS;14
RS;60
RS;100
RS;65
RS;18
RS;120
RS;90
RS;129
RS;210
RS;133
RS;65
RS;80
RS;168
RS;128
RS;32
RS;48
RS;115
RS;180
RS;15
RS;340
RS;280
RS;150
RS;164
RS;139
RS;216
RS;152
RS;163
RS;540
RS;62
RS;180
RS;118
RS;504
RS;300
RS;65
RS;60
RS;50
RS;95
RS;9
RS;110
RS;112
RS;21
RS;105
RS;32
RS;15
RS;74
RS;14
RS;24
RS;60
RS;60
RS;22
RS;28
RS;32
RS;19
RS;55
RS;60
RS;60
RS;29
RS;17
RS;24
RS;10
RS;40
RS;245
RS;245
RS;240
RS;240
RS;70
RS;109
RS;205
RS;242
RS;84
RS;105
RS;85
RS;72
RS;55
RS;22
RS;55
RS;28
RS;45
RS;25
RS;200
RS;38
RS;56
RS;150
RS;135
RS;390
RS;168
RS;74
RS;104
RS;192
RS;319
RS;502
RS;106
RS;275
RS;399
RS;53
RS;140
RS;120
RS;100
RS;151
RS;30
RS;168
RS;120
RS;43
RS;60
RS;120
RS;230
RS;75
RS;170
RS;100
RS;160
RS;130
RS;52
RS;102
RS;37
RS;180
RS;222
RS;106
RS;220
RS;35
RS;400
RS;65
RS;80
RS;250
RS;53
RS;80
RS;40
RS;78
RS;123
RS;18
RS;300
RS;34
RS;100
RR;212
RR;33
RR;44
RR;121
RR;50
RR;31
RR;22
RR;20
RR;41
RR;60
RR;65
RR;40
RR;22
RR;29
RR;175
RR;56
RR;24
RR;36
RR;84
RR;27
RR;31
RR;25
RR;190
RR;61
RR;30
RR;15
RR;42
RR;70
RR;18
RR;15
RO;84
RO;114
RO;10
RO;75
RO;132
RO;10
RO;183
RO;75
RO;47
RO;14
RO;36
RO;700
RO;40
RO;50
RO;92
RO;90
RO;78
RO;19
RO;78
RO;80
RO;141
RO;142
RO;22
RO;50
RO;85
RO;93
RO;45
RO;84
RO;90
RO;30
RO;100
RO;142
RN;100
RN;12
RN;18
RN;24
RN;977
RN;7
RN;58
RN;24
RN;12
RN;134
RN;40
RN;110
RN;33
RN;300
RN;350
RN;46
RN;507
RN;20
RN;228
RN;200
RN;77
RN;410
RN;96
RN;65
RN;378
RN;44
RN;115
RN;54
RN;44
RN;12
RN;150
RN;50
RN;418
RN;10
RN;71
RN;76
RN;32
RN;71
RN;34
RN;25
RN;19
RN;500
RN;60
RN;32
RN;52
RN;40
RN;53
RN;48
RN;22
RN;65
RN;18
RN;63
RN;12
RN;14
RN;30
RN;40
RN;24
RN;264
RN;34
RN;376
RN;35
RN;100
RN;59
RN;34
RN;75
RN;185
RN;112
RN;218
RN;55
RN;1.254
RN;120
RN;70
RN;320
RN;587
RN;60
RN;67
RN;164
RN;22
RN;30
RN;45
RN;10
RN;21
RN;30
RN;74
RN;42
RN;33
RN;29
RN;58
RN;228
RN;213
RN;308
RN;168
RN;25
RN;66
RN;22
RN;23
RN;18
RN;166
RN;56
RN;34
RN;135
RN;32
RN;20
RN;60
RN;312
RN;145
RN;72
RN;189
RN;56
RN;260
RN;40
RN;400
RN;177
RN;28
RN;12
RN;529
RN;36
RN;48
RN;207
RN;80
RN;286
RN;20
RN;35
RN;31
RN;34
RN;83
RN;60
RN;32
RN;68
RN;48
RN;16
RN;58
RN;20
RN;46
RN;56
RN;75
RN;99
RN;324
RN;500
RN;64
RN;50
RN;49
RN;609
RN;10
RN;57
RN;88
RN;544
RN;98
RN;138
RN;97
RN;96
RN;532
RN;33
RN;191
RN;12
RN;16
RN;50
RN;350
RN;172
RJ;80
RJ;240
RJ;518
RJ;28
RJ;27
RJ;168
RJ;20
RJ;24
RJ;70
RJ;43
RJ;83
RJ;146
RJ;89
RJ;152
RJ;39
RJ;189
RJ;378
RJ;30
RJ;24
RJ;32
RJ;476
RJ;40
RJ;54
RJ;77
RJ;62
RJ;36
RJ;12
RJ;70
RJ;78
RJ;189
RJ;231
RJ;50
RJ;150
RJ;100
RJ;112
RJ;80
RJ;25
RJ;248
RJ;41
RJ;216
RJ;181
RJ;266
RJ;126
RJ;296
RJ;154
RJ;230
RJ;53
RJ;27
RJ;70
RJ;156
RJ;52
RJ;192
RJ;22
RJ;68
RJ;24
RJ;122
RJ;3
RJ;8
RJ;22
RJ;617
RJ;169
RJ;495
RJ;215
RJ;432
RJ;286
RJ;477
RJ;8
RJ;150
RJ;165
RJ;88
RJ;120
RJ;50
RJ;58
RJ;41
RJ;580
RJ;378
RJ;12
RJ;33
RJ;88
RJ;1.008
RJ;230
RJ;19
RJ;672
RJ;120
RJ;54
RJ;32
RJ;6
RJ;36
RJ;50
RJ;24
RJ;38
RJ;48
RJ;34
RJ;120
RJ;67
RJ;252
RJ;158
RJ;406
RJ;36
RJ;41
RJ;50
RJ;53
RJ;160
RJ;159
RJ;278
RJ;80
RJ;192
RJ;65
RJ;40
RJ;324
RJ;12
RJ;20
RJ;396
RJ;13
RJ;180
RJ;94
RJ;22
RJ;70
RJ;47
RJ;756
RJ;45
RJ;190
RJ;6
RJ;25
RJ;766
RJ;30
RJ;401
RJ;303
RJ;36
RJ;42
RJ;48
RJ;272
RJ;616
RJ;93
RJ;344
RJ;164
RJ;129
RJ;174
RJ;70
RJ;49
RJ;142
RJ;186
RJ;15
RJ;108
RJ;120
RJ;24
RJ;100
RJ;36
RJ;30
RJ;38
RJ;300
RJ;15
RJ;31
RJ;68
RJ;14
RJ;22
RJ;40
RJ;108
RJ;47
RJ;80
RJ;132
RJ;130
RJ;182
RJ;204
RJ;140
RJ;38
RJ;30
RJ;14
RJ;172
RJ;37
RJ;40
RJ;68
RJ;44
RJ;6
RJ;312
RJ;50
RJ;20
RJ;20
RJ;96
RJ;310
RJ;200
RJ;56
RJ;40
RJ;47
RJ;16
RJ;16
RJ;53
RJ;180
RJ;220
RJ;16
RJ;24
RJ;48
RJ;200
RJ;100
RJ;36
RJ;82
RJ;30
RJ;224
RJ;70
RJ;25
RJ;54
RJ;324
RJ;400
RJ;42
RJ;446
RJ;38
RJ;200
RJ;80
RJ;134
RJ;64
RJ;32
RJ;256
RJ;150
RJ;20
RJ;86
RJ;34
RJ;65
RJ;78
RJ;18
RJ;67
RJ;298
RJ;298
RJ;314
RJ;46
RJ;64
RJ;54
RJ;66
RJ;36
RJ;76
RJ;148
RJ;40
RJ;104
RJ;82
RJ;54
RJ;37
RJ;71
RJ;50
RJ;56
RJ;30
RJ;131
RJ;130
RJ;40
RJ;44
RJ;202
RJ;63
RJ;250
RJ;225
RJ;135
RJ;873
RJ;185
RJ;540
RJ;80
RJ;180
RJ;47
RJ;51
RJ;326
RJ;79
RJ;80
RJ;139
RJ;229
RJ;240
RJ;97
RJ;116
RJ;104
RJ;57
RJ;329
RJ;282
RJ;136
RJ;271
RJ;249
RJ;175
RJ;242
RJ;110
RJ;350
RJ;174
RJ;173
RJ;204
RJ;510
RJ;444
RJ;276
RJ;367
RJ;247
RJ;172
RJ;37
RJ;30
RJ;100
RJ;108
RJ;80
RJ;30
RJ;105
RJ;50
RJ;80
RJ;58
RJ;160
RJ;50
RJ;12
RJ;118
RJ;58
RJ;74
RJ;244
RJ;60
RJ;120
RJ;548
RJ;50
RJ;104
RJ;58
RJ;60
RJ;68
RJ;140
RJ;199
RJ;240
RJ;25
RJ;360
RJ;70
RJ;52
RJ;681
RJ;120
RJ;220
RJ;314
RJ;140
RJ;20
RJ;56
RJ;210
RJ;55
RJ;64
RJ;65
RJ;130
RJ;45
RJ;148
RJ;54
RJ;385
RJ;78
RJ;54
RJ;86
RJ;84
RJ;467
RJ;104
RJ;186
RJ;120
RJ;100
RJ;66
RJ;190
RJ;76
RJ;120
RJ;64
RJ;304
RJ;28
RJ;113
RJ;130
RJ;110
RJ;75
RJ;23
RJ;64
RJ;160
RJ;40
RJ;90
RJ;500
RJ;89
RJ;70
RJ;58
RJ;42
RJ;41
RJ;204
RJ;100
RJ;34
RJ;51
RJ;50
RJ;58
RJ;72
RJ;110
RJ;33
RJ;62
RJ;126
RJ;96
RJ;42
RJ;90
RJ;30
RJ;30
RJ;60
RJ;76
RJ;137
RJ;22
RJ;160
RJ;178
RJ;167
RJ;57
RJ;120
RJ;28
RJ;180
RJ;47
RJ;22
RJ;183
RJ;60
RJ;40
RJ;34
RJ;20
RJ;276
RJ;43
RJ;50
RJ;45
RJ;28
RJ;24
RJ;52
RJ;13
RJ;156
RJ;46
RJ;270
RJ;26
RJ;14
RJ;10
RJ;7
RJ;30
RJ;114
RJ;57
RJ;92
RJ;175
RJ;212
RJ;77
RJ;84
RJ;100
RJ;160
RJ;70
RJ;10
RJ;623
RJ;10
RJ;60
RJ;24
RJ;150
RJ;20
RJ;64
RJ;230
RJ;36
RJ;134
RJ;340
RJ;50
RJ;40
RJ;149
RJ;46
RJ;60
RJ;169
RJ;300
RJ;238
RJ;26
RJ;43
RJ;136
RJ;24
RJ;401
RJ;12
RJ;36
RJ;27
RJ;9
RJ;124
RJ;52
RJ;9
RJ;20
RJ;18
RJ;64
RJ;18
RJ;51
RJ;35
RJ;237
RJ;10
RJ;141
RJ;25
RJ;40
RJ;53
RJ;180
RJ;341
RJ;290
RJ;92
RJ;336
RJ;120
RJ;230
RJ;36
RJ;50
RJ;290
RJ;8
RJ;190
RJ;12
RJ;144
RJ;40
RJ;140
RJ;102
RJ;40
RJ;12
RJ;39
RJ;388
RJ;46
RJ;54
RJ;20
RJ;144
RJ;150
RJ;173
RJ;42
RJ;66
RJ;36
RJ;140
RJ;166
RJ;9
RJ;102
RJ;46
RJ;120
RJ;49
RJ;223
RJ;30
RJ;20
RJ;37
RJ;36
RJ;90
RJ;36
RJ;42
RJ;60
RJ;50
RJ;40
RJ;60
RJ;254
RJ;192
RJ;218
RJ;176
RJ;32
RJ;126
RJ;96
RJ;57
RJ;78
RJ;28
RJ;9
RJ;17
RJ;50
RJ;78
RJ;55
RJ;60
RJ;80
RJ;26
RJ;10
RJ;62
RJ;239
RJ;110
RJ;72
RJ;130
RJ;70
RJ;45
RJ;78
RJ;21
RJ;119
RJ;25
RJ;14
RJ;81
RJ;40
RJ;60
RJ;80
RJ;98
RJ;26
RJ;27
RJ;18
RJ;31
RJ;92
RJ;45
RJ;55
RJ;96
RJ;79
RJ;44
RJ;60
RJ;74
RJ;120
RJ;69
RJ;100
RJ;18
RJ;30
RJ;22
RJ;41
RJ;26
RJ;10
RJ;60
RJ;8
RJ;40
RJ;9
RJ;42
RJ;40
RJ;11
RJ;30
RJ;51
RJ;44
RJ;20
RJ;20
RJ;150
RJ;5
RJ;45
RJ;34
RJ;33
RJ;4
RJ;70
RJ;60
RJ;147
RJ;25
RJ;60
RJ;60
RJ;46
RJ;30
RJ;65
RJ;55
RJ;35
RJ;24
RJ;22
RJ;22
RJ;80
RJ;19
RJ;10
RJ;45
RJ;70
RJ;35
RJ;12
RJ;32
RJ;68
RJ;36
RJ;60
RJ;56
RJ;22
RJ;90
RJ;36
RJ;38
RJ;60
RJ;51
RJ;22
RJ;12
RJ;26
RJ;218
RJ;180
RJ;62
RJ;224
RJ;110
RJ;88
RJ;622
RJ;73
RJ;198
RJ;292
RJ;204
RJ;432
RJ;436
RJ;234
RJ;75
RJ;124
RJ;48
RJ;128
RJ;15
RJ;69
RJ;38
RJ;145
RJ;198
RJ;88
RJ;70
RJ;24
RJ;124
RJ;88
RJ;839
RJ;56
RJ;96
RJ;85
RJ;30
RJ;566
RJ;14
RJ;65
RJ;808
RJ;579
RJ;30
RJ;220
RJ;46
RJ;64
RJ;40
RJ;20
RJ;572
RJ;365
RJ;265
RJ;310
RJ;462
RJ;104
RJ;50
RJ;170
RJ;40
RJ;100
RJ;41
RJ;30
RJ;66
RJ;210
RJ;103
RJ;157
RJ;215
RJ;50
RJ;252
RJ;104
RJ;50
RJ;60
RJ;269
RJ;60
RJ;11
RJ;2.627
RJ;82
RJ;323
RJ;78
RJ;339
RJ;237
RJ;214
RJ;46
RJ;12
RJ;94
RJ;56
RJ;71
RJ;26
RJ;54
RJ;12
RJ;48
RJ;50
RJ;62
RJ;65
RJ;11
RJ;60
RJ;210
RJ;30
RJ;58
RJ;112
RJ;56
RJ;172
RJ;140
RJ;33
RJ;100
RJ;58
RJ;35
RJ;35
RJ;14
RJ;186
RJ;18
RJ;40
RJ;50
RJ;60
RJ;48
RJ;94
RJ;128
RJ;76
RJ;224
RJ;280
RJ;138
RJ;100
RJ;324
RJ;150
RJ;312
RJ;310
RJ;494
RJ;210
RJ;100
RJ;270
RJ;140
RJ;104
RJ;72
RJ;78
RJ;424
RJ;100
RJ;90
RJ;80
RJ;64
RJ;410
RJ;90
RJ;79
RJ;130
RJ;16
RJ;254
RJ;8
RJ;885
RJ;273
RJ;247
RJ;368
RJ;730
RJ;705
RJ;120
RJ;370
RJ;401
RJ;304
RJ;1.196
RJ;132
RJ;13
RJ;50
PR;155
PR;45
PR;170
PR;205
PR;653
PR;78
PR;38
PR;40
PR;192
PR;32
PR;75
PR;56
PR;260
PR;46
PR;100
PR;100
PR;11
PR;73
PR;50
PR;168
PR;204
PR;360
PR;264
PR;526
PR;228
PR;152
PR;136
PR;114
PR;82
PR;171
PR;17
PR;52
PR;276
PR;41
PR;318
PR;53
PR;72
PR;160
PR;88
PR;120
PR;67
PR;232
PR;72
PR;36
PR;90
PR;115
PR;146
PR;133
PR;180
PR;290
PR;130
PR;144
PR;183
PR;60
PR;83
PR;80
PR;280
PR;158
PR;278
PR;8
PR;12
PR;20
PR;130
PR;220
PR;138
PR;88
PR;41
PR;298
PR;163
PR;100
PR;100
PR;203
PR;27
PR;47
PR;206
PR;135
PR;62
PR;174
PR;142
PR;7
PR;60
PR;72
PR;80
PR;15
PR;137
PR;120
PR;236
PR;211
PR;123
PR;209
PR;158
PR;128
PR;75
PR;158
PR;15
PR;148
PR;297
PR;698
PR;202
PR;177
PR;160
PR;698
PR;270
PR;550
PR;205
PR;200
PR;108
PR;190
PR;36
PR;337
PR;25
PR;212
PR;20
PR;295
PR;420
PR;60
PR;544
PR;100
PR;250
PR;50
PR;22
PR;27
PR;290
PR;140
PR;52
PR;180
PR;24
PR;56
PR;63
PR;20
PR;32
PR;16
PR;130
PR;466
PR;314
PR;154
PR;62
PR;65
PR;79
PR;72
PR;150
PR;80
PR;260
PR;208
PR;81
PR;136
PR;115
PR;66
PR;170
PR;184
PR;289
PR;92
PR;284
PR;591
PR;103
PR;130
PR;177
PR;655
PR;28
PR;64
PR;224
PR;207
PR;114
PR;267
PR;249
PR;280
PR;25
PR;126
PR;50
PR;30
PR;46
PR;58
PR;41
PR;30
PR;68
PR;60
PR;37
PR;140
PR;106
PR;153
PR;448
PR;98
PR;95
PR;96
PR;110
PR;40
PR;266
PR;445
PR;65
PR;46
PR;80
PR;70
PR;78
PR;144
PR;153
PR;123
PR;165
PR;86
PR;90
PR;147
PR;260
PR;126
PR;47
PR;66
PR;40
PR;126
PR;82
PR;250
PR;78
PR;108
PR;163
PR;405
PR;60
PR;35
PR;85
PR;189
PR;166
PR;400
PR;60
PR;180
PR;65
PR;508
PR;70
PR;75
PR;114
PR;120
PR;5
PR;204
PR;214
PR;90
PR;280
PR;27
PR;16
PR;16
PR;105
PR;138
PR;58
PR;98
PR;37
PR;56
PR;84
PR;270
PR;210
PR;38
PR;60
PR;90
PR;2
PR;564
PR;148
PR;130
PR;82
PR;170
PR;32
PR;50
PR;17
PR;45
PR;30
PR;202
PR;96
PR;237
PR;98
PR;160
PR;199
PR;230
PR;90
PR;44
PR;43
PR;19
PR;13
PR;331
PR;100
PR;80
PR;21
PR;36
PR;113
PR;40
PR;11
PR;40
PR;26
PR;35
PR;50
PR;52
PR;39
PR;193
PR;19
PR;10
PR;55
PR;147
PR;92
PR;42
PR;52
PR;58
PR;48
PR;348
PR;15
PR;96
PR;96
PR;30
PR;15
PR;68
PR;156
PR;124
PR;73
PR;120
PR;48
PR;30
PR;155
PR;170
PR;16
PR;68
PR;111
PR;112
PR;120
PR;65
PR;156
PR;4
PR;55
PR;70
PR;168
PR;112
PR;16
PR;30
PR;35
PR;50
PR;53
PR;52
PR;28
PR;45
PR;105
PR;30
PR;14
PR;120
PR;118
PR;70
PR;80
PR;14
PR;67
PR;20
PR;28
PR;38
PR;38
PR;76
PR;37
PR;136
PR;902
PR;148
PR;31
PR;144
PR;16
PR;60
PR;80
PR;58
PR;82
PR;52
PR;229
PR;60
PR;71
PR;210
PR;31
PR;198
PR;210
PR;144
PR;72
PR;52
PR;83
PR;80
PR;40
PR;485
PR;75
PR;82
PR;60
PR;261
PR;88
PR;13
PR;81
PR;96
PR;15
PR;156
PR;119
PR;216
PR;174
PR;134
PR;170
PR;121
PR;162
PR;117
PR;207
PR;94
PR;45
PR;25
PR;30
PR;120
PR;32
PR;22
PR;184
PR;10
PR;61
PR;23
PR;190
PR;106
PR;38
PR;160
PR;210
PR;12
PR;22
PR;100
PR;80
PR;30
PR;247
PR;120
PR;5
PR;44
PR;214
PR;36
PI;24
PI;34
PI;85
PI;27
PI;160
PI;72
PI;16
PI;16
PI;12
PI;6
PI;13
PI;118
PI;61
PI;26
PI;24
PI;18
PI;132
PI;86
PI;352
PI;50
PI;102
PI;160
PI;190
PI;47
PI;26
PI;20
PI;51
PI;60
PI;28
PI;38
PI;27
PI;22
PI;80
PI;10
PI;160
PI;123
PI;77
PI;44
PI;50
PI;18
PI;30
PI;26
PI;80
PI;140
PI;82
PI;242
PI;12
PI;40
PI;238
PI;115
PI;9
PE;124
PE;22
PE;324
PE;64
PE;142
PE;7
PE;26
PE;34
PE;18
PE;38
PE;48
PE;14
PE;18
PE;10
PE;38
PE;400
PE;38
PE;61
PE;270
PE;36
PE;268
PE;410
PE;30
PE;80
PE;98
PE;284
PE;93
PE;10
PE;54
PE;60
PE;430
PE;210
PE;64
PE;28
PE;58
PE;70
PE;153
PE;24
PE;345
PE;50
PE;24
PE;25
PE;66
PE;80
PE;71
PE;60
PE;20
PE;16
PE;190
PE;64
PE;9
PE;25
PE;15
PE;173
PE;13
PE;40
PE;77
PE;25
PE;63
PE;27
PE;258
PE;715
PE;100
PE;64
PE;30
PE;336
PE;36
PE;32
PE;54
PE;45
PE;37
PE;40
PE;254
PE;25
PE;257
PE;536
PE;79
PE;34
PE;225
PE;21
PE;40
PE;87
PE;28
PE;30
PE;50
PE;220
PE;530
PE;566
PE;150
PE;123
PE;252
PE;472
PE;166
PE;81
PE;135
PE;54
PE;350
PE;150
PE;100
PE;40
PE;183
PE;36
PE;220
PE;60
PE;134
PE;394
PE;234
PE;79
PE;130
PE;14
PE;70
PE;350
PE;21
PE;147
PE;48
PE;5
PE;14
PE;80
PE;17
PE;68
PE;64
PE;50
PE;84
PE;100
PE;21
PE;48
PE;44
PE;56
PE;68
PE;543
PE;6
PE;40
PE;11
PE;39
PE;25
PE;8
PE;14
PE;340
PE;52
PE;56
PE;25
PE;11
PE;194
PE;40
PE;216
PE;46
PE;35
PE;266
PE;60
PE;75
PE;34
PE;20
PE;53
PE;15
PE;30
PE;6
PE;281
PE;544
PE;353
PE;120
PE;11
PE;90
PE;30
PE;105
PE;100
PE;34
PE;12
PE;350
PE;568
PE;354
PE;48
PE;19
PE;350
PE;40
PE;182
PE;11
PE;350
PE;114
PE;37
PE;26
PE;12
PE;25
PE;33
PE;27
PE;65
PE;54
PE;16
PE;21
PE;26
PE;12
PE;28
PE;4
PE;15
PE;38
PE;150
PE;220
PE;24
PE;24
PE;17
PE;68
PE;14
PE;50
PE;12
PE;105
PE;27
PE;52
PE;16
PE;21
PE;32
PE;24
PE;20
PE;36
PE;30
PE;22
PE;9
PE;60
PE;17
PE;14
PE;32
PE;11
PE;20
PE;88
PE;38
PE;60
PE;99
PE;89
PE;27
PE;25
PE;109
PE;26
PE;64
PE;75
PE;99
PE;18
PE;290
PE;40
PE;60
PE;44
PE;450
PE;210
PE;300
PE;432
PE;35
PE;30
PE;96
PE;82
PE;94
PE;24
PE;600
PE;81
PE;20
PE;74
PE;75
PE;70
PE;60
PE;44
PE;157
PE;22
PE;170
PE;32
PE;24
PE;5
PE;36
PE;30
PE;34
PE;339
PE;336
PE;40
PE;18
PE;592
PE;799
PE;14
PE;360
PE;42
PE;338
PE;75
PE;146
PE;36
PE;32
PE;41
PE;8
PE;12
PE;37
PE;290
PE;63
PE;35
PE;5
PB;56
PB;40
PB;72
PB;40
PB;171
PB;350
PB;50
PB;125
PB;12
PB;50
PB;21
PB;256
PB;134
PB;30
PB;69
PB;152
PB;576
PB;16
PB;10
PB;299
PB;80
PB;170
PB;38
PB;15
PB;80
PB;51
PB;120
PB;16
PB;40
PB;125
PB;240
PB;180
PB;60
PB;120
PB;173
PB;90
PB;120
PB;90
PB;25
PB;72
PB;51
PB;100
PB;93
PB;59
PB;16
PB;30
PB;184
PB;45
PB;20
PB;54
PB;10
PB;170
PB;190
PB;87
PB;62
PB;207
PB;100
PB;78
PB;292
PB;60
PB;15
PB;110
PB;108
PB;290
PB;21
PB;45
PB;35
PB;30
PB;38
PB;35
PB;62
PB;14
PB;99
PB;222
PB;453
PB;220
PB;108
PB;228
PB;113
PB;15
PB;130
PB;274
PB;159
PB;92
PB;33
PB;22
PB;29
PB;69
PB;20
PB;24
PB;82
PB;35
PB;36
PB;30
PB;60
PB;69
PB;15
PB;69
PB;32
PB;18
PB;100
PB;14
PB;18
PB;22
PB;54
PB;72
PB;24
PB;45
PB;8
PB;15
PB;26
PB;62
PB;99
PB;100
PB;23
PB;38
PB;18
PB;138
PB;30
PB;28
PB;72
PB;22
PB;30
PB;12
PB;167
PB;224
PB;119
PB;188
PB;260
PB;50
PB;198
PB;50
PB;353
PB;40
PB;19
PB;202
PB;54
PB;30
PB;38
PA;113
PA;146
PA;50
PA;110
PA;26
PA;73
PA;102
PA;120
PA;64
PA;68
PA;30
PA;54
PA;119
PA;35
PA;20
PA;20
PA;166
PA;423
PA;14
PA;62
PA;386
PA;724
PA;80
PA;135
PA;125
PA;110
PA;25
PA;152
PA;86
PA;36
PA;31
PA;90
PA;25
PA;42
PA;18
PA;35
PA;45
PA;76
PA;411
PA;251
PA;36
PA;45
PA;213
PA;107
PA;8
PA;36
PA;29
PA;76
PA;54
PA;46
PA;60
PA;20
PA;30
PA;18
PA;23
PA;105
PA;40
PA;42
PA;81
PA;58
PA;60
PA;50
PA;41
PA;28
PA;51
PA;8
PA;34
PA;172
PA;32
PA;256
PA;208
PA;23
PA;60
PA;56
PA;150
PA;200
PA;12
PA;96
PA;129
PA;144
PA;40
PA;40
PA;14
PA;35
PA;171
PA;151
PA;156
PA;16
PA;75
PA;135
PA;54
PA;193
PA;121
PA;75
PA;100
PA;41
PA;33
PA;108
PA;42
PA;56
PA;60
PA;40
PA;29
PA;18
PA;211
PA;34
PA;81
PA;60
PA;10
PA;42
PA;50
PA;59
PA;100
PA;30
PA;87
PA;73
PA;16
PA;20
PA;57
PA;26
PA;22
PA;105
PA;100
PA;250
PA;10
PA;185
PA;30
PA;138
PA;25
PA;140
PA;474
PA;30
PA;52
PA;52
PA;40
PA;24
PA;32
PA;210
PA;135
PA;65
PA;34
PA;30
PA;74
PA;142
PA;88
PA;96
PA;30
PA;102
PA;99
PA;22
PA;82
PA;60
PA;44
PA;71
PA;30
PA;50
PA;84
PA;110
PA;39
PA;36
PA;16
PA;57
PA;16
PA;56
PA;251
PA;16
PA;45
PA;12
PA;37
PA;118
PA;19
MT;212
MT;147
MT;25
MT;34
MT;38
MT;16
MT;25
MT;89
MT;40
MT;95
MT;82
MT;30
MT;20
MT;80
MT;25
MT;150
MT;140
MT;61
MT;40
MT;70
MT;24
MT;47
MT;157
MT;80
MT;67
MT;84
MT;65
MT;13
MT;40
MT;18
MT;30
MT;6
MT;102
MT;35
MT;75
MT;21
MT;38
MT;240
MT;242
MT;250
MT;216
MT;25
MT;38
MT;23
MT;41
MT;38
MT;43
MT;92
MT;60
MT;90
MT;211
MT;20
MT;280
MT;25
MT;63
MT;46
MT;40
MT;240
MT;20
MT;145
MT;36
MT;150
MT;115
MT;31
MT;32
MT;223
MT;30
MT;63
MT;91
MT;40
MT;130
MT;132
MT;40
MT;102
MT;135
MT;117
MT;101
MT;50
MT;66
MT;42
MT;50
MT;46
MT;38
MT;44
MT;44
MT;75
MT;81
MT;72
MT;136
MT;90
MT;40
MT;24
MT;60
MT;96
MT;27
MT;115
MT;51
MT;44
MT;85
MT;90
MT;86
MT;86
MT;49
MT;26
MT;45
MT;97
MT;27
MT;46
MT;184
MT;110
MT;18
MT;76
MT;110
MT;97
MT;26
MT;46
MT;64
MT;68
MT;22
MT;42
MT;70
MT;260
MT;64
MT;78
MT;250
MT;35
MT;100
MT;69
MT;86
MT;170
MT;136
MT;75
MT;279
MT;308
MT;20
MT;60
MT;49
MT;353
MT;50
MT;108
MT;56
MT;37
MT;190
MT;60
MT;40
MT;34
MT;46
MT;41
MT;200
MT;83
MT;19
MT;88
MT;52
MT;36
MT;67
MT;24
MT;67
MT;77
MT;32
MT;234
MT;35
MT;30
MT;91
MT;464
MT;43
MT;157
MT;120
MT;20
MT;44
MT;23
MT;50
MT;40
MT;45
MT;58
MT;27
MT;15
MT;18
MT;68
MT;46
MT;42
MT;115
MT;17
MT;29
MT;18
MT;15
MT;32
MT;69
MT;65
MT;41
MT;40
MT;44
MT;24
MT;23
MT;15
MT;47
MT;90
MT;9
MT;50
MT;80
MT;78
MT;40
MT;56
MT;43
MT;209
MT;39
MT;40
MT;126
MT;72
MT;20
MT;35
MT;370
MT;46
MT;24
MT;162
MT;40
MT;100
MT;190
MT;30
MT;22
MT;231
MT;60
MT;120
MT;67
MT;214
MT;39
MT;48
MT;52
MT;104
MT;110
MT;66
MT;82
MT;25
MT;14
MS;50
MS;15
MS;28
MS;33
MS;68
MS;249
MS;50
MS;101
MS;45
MS;250
MS;130
MS;50
MS;47
MS;50
MS;94
MS;34
MS;9
MS;180
MS;196
MS;73
MS;132
MS;161
MS;5
MS;16
MS;120
MS;35
MS;31
MS;84
MS;150
MS;107
MS;31
MS;16
MS;123
MS;60
MS;161
MS;66
MS;38
MS;18
MS;53
MS;50
MS;275
MS;280
MS;57
MS;58
MS;80
MS;4
MS;70
MS;90
MS;225
MS;90
MS;22
MS;22
MS;29
MS;76
MS;61
MS;98
MS;94
MS;50
MS;328
MS;67
MS;122
MS;380
MS;40
MS;60
MS;270
MS;90
MS;227
MS;92
MS;100
MS;45
MS;89
MS;64
MS;76
MS;91
MS;206
MS;178
MS;140
MS;145
MS;62
MS;39
MS;270
MS;33
MS;60
MS;90
MS;80
MS;72
MS;90
MS;47
MS;17
MS;80
MS;40
MS;95
MS;90
MS;75
MS;240
MS;4
MS;80
MS;52
MS;250
MS;18
MS;18
MS;20
MS;36
MS;40
MS;25
MS;110
MS;200
MS;82
MS;40
MS;40
MS;40
MS;50
MS;174
MS;12
MS;24
MS;30
MS;76
MS;105
MS;60
MS;32
MS;248
MS;114
MS;16
MS;44
MS;30
MS;42
MS;120
MS;28
MS;41
MS;58
MS;72
MS;100
MS;88
MS;90
MS;60
MS;110
MS;25
MS;50
MS;29
MS;30
MS;62
MS;60
MS;35
MS;40
MS;40
MS;56
MS;24
MS;10
MS;36
MS;40
MS;60
MS;50
MS;20
MS;70
MS;36
MS;32
MS;40
MS;92
MS;44
MS;61
MS;36
MS;39
MS;151
MS;60
MS;336
MS;46
MS;138
MS;110
MS;30
MS;178
MS;54
MS;178
MS;112
MS;60
MS;38
MS;505
MS;211
MS;10
MS;120
MS;14
MS;50
MS;60
MS;46
MS;129
MS;140
MS;30
MS;94
MS;147
MS;128
MS;62
MS;22
MS;48
MS;80
MS;83
MS;46
MS;69
MS;75
MS;51
MS;50
MS;190
MS;47
MS;76
MG;218
MG;150
MG;111
MG;96
MG;28
MG;20
MG;40
MG;62
MG;20
MG;250
MG;65
MG;7
MG;200
MG;50
MG;8
MG;13
MG;20
MG;25
MG;70
MG;38
MG;150
MG;20
MG;48
MG;143
MG;236
MG;146
MG;52
MG;24
MG;160
MG;420
MG;159
MG;390
MG;357
MG;284
MG;176
MG;102
MG;116
MG;35
MG;17
MG;40
MG;23
MG;8
MG;284
MG;50
MG;104
MG;42
MG;189
MG;115
MG;200
MG;102
MG;138
MG;102
MG;36
MG;96
MG;47
MG;45
MG;260
MG;464
MG;45
MG;21
MG;310
MG;191
MG;52
MG;130
MG;15
MG;254
MG;22
MG;90
MG;180
MG;31
MG;144
MG;121
MG;390
MG;137
MG;12
MG;37
MG;110
MG;180
MG;82
MG;118
MG;72
MG;15
MG;32
MG;12
MG;140
MG;246
MG;37
MG;40
MG;108
MG;204
MG;39
MG;35
MG;60
MG;52
MG;90
MG;40
MG;539
MG;50
MG;66
MG;26
MG;45
MG;30
MG;10
MG;650
MG;34
MG;92
MG;75
MG;90
MG;7
MG;62
MG;200
MG;16
MG;10
MG;100
MG;36
MG;30
MG;68
MG;157
MG;294
MG;520
MG;36
MG;108
MG;42
MG;124
MG;52
MG;93
MG;40
MG;28
MG;476
MG;400
MG;150
MG;132
MG;120
MG;635
MG;255
MG;546
MG;182
MG;228
MG;300
MG;115
MG;208
MG;240
MG;73
MG;240
MG;220
MG;31
MG;90
MG;52
MG;136
MG;95
MG;85
MG;81
MG;30
MG;176
MG;59
MG;240
MG;100
MG;40
MG;26
MG;52
MG;24
MG;60
MG;164
MG;73
MG;144
MG;69
MG;146
MG;90
MG;44
MG;105
MG;26
MG;180
MG;450
MG;145
MG;266
MG;342
MG;84
MG;110
MG;84
MG;150
MG;61
MG;104
MG;80
MG;105
MG;80
MG;163
MG;240
MG;204
MG;80
MG;240
MG;38
MG;220
MG;90
MG;90
MG;52
MG;68
MG;150
MG;50
MG;38
MG;21
MG;34
MG;53
MG;132
MG;134
MG;83
MG;52
MG;60
MG;90
MG;19
MG;52
MG;125
MG;90
MG;90
MG;60
MG;120
MG;143
MG;39
MG;120
MG;88
MG;417
MG;530
MG;525
MG;166
MG;132
MG;266
MG;289
MG;25
MG;73
MG;140
MG;46
MG;84
MG;99
MG;54
MG;158
MG;163
MG;109
MG;32
MG;163
MG;215
MG;194
MG;173
MG;80
MG;18
MG;48
MG;105
MG;15
MG;60
MG;24
MG;185
MG;224
MG;32
MG;8
MG;146
MG;65
MG;240
MG;42
MG;188
MG;132
MG;8
MG;88
MG;24
MG;30
MG;189
MG;54
MG;40
MG;68
MG;32
MG;588
MG;45
MG;30
MG;17
MG;32
MG;73
MG;60
MG;58
MG;15
MG;89
MG;36
MG;110
MG;46
MG;128
MG;236
MG;120
MG;110
MG;95
MG;43
MG;51
MG;60
MG;40
MG;22
MG;111
MG;141
MG;442
MG;40
MG;144
MG;330
MG;330
MG;85
MG;200
MG;64
MG;194
MG;99
MG;164
MG;55
MG;78
MG;205
MG;288
MG;10
MG;110
MG;150
MG;25
MG;160
MG;53
MG;90
MG;351
MG;691
MG;16
MG;25
MG;24
MG;18
MG;23
MG;26
MG;70
MG;24
MG;30
MG;88
MG;42
MG;20
MG;5
MG;42
MG;20
MG;16
MG;60
MG;40
MG;13
MG;86
MG;70
MG;22
MG;28
MG;62
MG;18
MG;35
MG;40
MG;19
MG;23
MG;47
MG;6
MG;69
MG;25
MG;40
MG;53
MG;33
MG;56
MG;34
MG;50
MG;28
MG;25
MG;45
MG;18
MG;14
MG;30
MG;80
MG;70
MG;22
MG;38
MG;19
MG;48
MG;47
MG;500
MG;60
MG;254
MG;72
MG;365
MG;170
MG;277
MG;288
MG;152
MG;234
MG;197
MG;31
MG;60
MG;22
MG;50
MG;100
MG;25
MG;18
MG;90
MG;48
MG;36
MG;70
MG;30
MG;22
MG;450
MG;40
MG;68
MG;38
MG;363
MG;136
MG;111
MG;110
MG;20
MG;60
MG;100
MG;30
MG;38
MG;410
MG;196
MG;96
MG;250
MG;48
MG;131
MG;110
MG;70
MG;265
MG;149
MG;348
MG;208
MG;200
MG;399
MG;488
MG;314
MG;273
MG;208
MG;591
MG;248
MG;1.389
MG;182
MG;55
MG;28
MG;10
MG;210
MG;113
MG;132
MG;72
MG;80
MG;41
MG;65
MG;27
MG;38
MG;162
MG;510
MG;340
MG;64
MG;571
MG;27
MG;40
MG;130
MG;118
MG;102
MG;54
MG;165
MG;350
MG;287
MG;134
MG;464
MG;36
MG;62
MG;46
MG;150
MA;26
MA;196
MA;60
MA;40
MA;50
MA;90
MA;65
MA;17
MA;67
MA;100
MA;44
MA;50
MA;8
MA;24
MA;51
MA;37
MA;20
MA;31
MA;44
MA;10
MA;78
MA;57
MA;226
MA;25
MA;400
MA;64
MA;84
MA;78
MA;49
MA;20
MA;25
MA;19
MA;60
MA;20
MA;32
MA;66
MA;43
MA;134
MA;70
MA;172
MA;312
MA;70
MA;160
MA;47
MA;18
MA;275
MA;54
MA;16
MA;27
MA;65
MA;128
MA;72
MA;515
MA;42
MA;14
MA;39
MA;12
MA;28
MA;42
MA;23
MA;14
MA;34
MA;35
MA;36
MA;54
MA;15
MA;35
MA;61
MA;16
MA;62
MA;96
MA;30
MA;37
MA;250
MA;185
MA;175
MA;110
MA;16
MA;36
MA;32
MA;17
MA;156
MA;306
MA;54
MA;120
MA;35
MA;20
MA;20
MA;180
MA;22
MA;100
MA;596
MA;362
MA;105
MA;115
MA;35
MA;220
MA;166
MA;480
MA;127
MA;112
MA;432
MA;544
MA;50
MA;348
GO;16
GO;21
GO;34
GO;260
GO;45
GO;4
GO;59
GO;30
GO;11
GO;21
GO;15
GO;31
GO;21
GO;30
GO;21
GO;36
GO;90
GO;14
GO;17
GO;17
GO;9
GO;11
GO;27
GO;25
GO;12
GO;248
GO;48
GO;120
GO;190
GO;142
GO;234
GO;318
GO;64
GO;46
GO;50
GO;78
GO;20
GO;156
GO;326
GO;110
GO;136
GO;25
GO;10
GO;30
GO;344
GO;33
GO;672
GO;165
GO;3
GO;42
GO;14
GO;26
GO;141
GO;8
GO;26
GO;20
GO;1.343
GO;50
GO;49
GO;15
GO;27
GO;8
GO;30
GO;18
GO;18
GO;18
GO;8
GO;10
GO;38
GO;4
GO;106
GO;32
GO;19
GO;28
GO;8
GO;80
GO;250
GO;12
GO;89
GO;12
GO;42
GO;20
GO;17
GO;36
GO;79
GO;50
GO;33
GO;17
GO;13
GO;12
GO;18
GO;149
GO;80
GO;102
GO;250
GO;68
GO;14
GO;32
GO;15
GO;6
GO;60
GO;10
GO;75
GO;52
GO;24
GO;38
GO;48
GO;190
GO;33
GO;72
GO;20
GO;96
GO;35
GO;171
GO;60
GO;84
GO;52
GO;40
GO;38
GO;57
GO;22
GO;57
GO;56
GO;39
GO;11
GO;60
GO;120
GO;42
GO;21
GO;48
GO;98
GO;17
GO;28
GO;27
GO;30
GO;40
GO;21
GO;12
GO;3
GO;5
GO;12
GO;32
GO;25
GO;7
GO;22
GO;15
GO;38
GO;26
GO;48
GO;25
GO;4
GO;136
GO;6
GO;100
GO;198
GO;40
GO;24
GO;10
GO;30
GO;76
GO;24
GO;44
GO;50
GO;18
GO;48
GO;59
GO;40
GO;25
GO;10
GO;12
GO;6
GO;10
GO;85
GO;30
GO;40
GO;38
GO;48
GO;40
GO;28
GO;28
GO;64
GO;110
GO;16
GO;213
GO;16
GO;23
GO;9
GO;36
GO;25
GO;40
GO;186
GO;128
GO;218
GO;125
GO;53
GO;60
GO;37
GO;39
GO;40
GO;17
GO;25
GO;7
GO;30
GO;1
GO;14
GO;35
GO;28
GO;40
GO;13
GO;50
GO;44
GO;435
GO;32
GO;24
GO;12
GO;31
GO;38
GO;22
GO;54
GO;30
GO;30
GO;24
GO;70
GO;30
GO;10
GO;35
GO;40
GO;87
GO;62
GO;40
GO;14
GO;100
GO;18
GO;48
GO;22
GO;20
GO;33
GO;149
GO;13
GO;15
GO;28
GO;30
GO;970
GO;864
GO;60
GO;145
GO;950
GO;1.728
GO;399
GO;284
GO;880
GO;1.420
GO;1.432
GO;21
GO;10
GO;248
GO;28
GO;21
GO;25
GO;35
GO;184
GO;220
GO;172
GO;36
GO;16
GO;18
GO;233
GO;1.009
GO;93
GO;40
GO;23
GO;70
GO;100
GO;528
GO;7
GO;25
GO;158
GO;15
GO;25
GO;324
GO;20
GO;20
GO;38
GO;16
GO;16
GO;12
GO;6
GO;120
GO;9
GO;117
GO;5
GO;15
GO;20
GO;36
GO;150
GO;39
GO;60
GO;43
GO;365
GO;30
GO;27
GO;27
GO;4
GO;25
GO;13
GO;40
GO;164
GO;308
GO;23
GO;22
GO;48
GO;12
GO;10
GO;70
GO;5
GO;378
ES;160
ES;115
ES;108
ES;170
ES;60
ES;36
ES;66
ES;33
ES;172
ES;130
ES;304
ES;126
ES;41
ES;100
ES;58
ES;112
ES;320
ES;216
ES;25
ES;1.994
ES;350
ES;350
ES;100
ES;15
ES;68
ES;132
ES;62
ES;205
ES;80
ES;50
ES;240
ES;50
ES;50
ES;12
ES;8
ES;42
ES;200
ES;261
ES;196
ES;60
ES;53
ES;102
ES;102
ES;45
ES;220
ES;158
ES;52
ES;271
ES;444
ES;84
ES;96
ES;39
ES;68
ES;104
ES;130
ES;65
ES;127
ES;184
ES;120
ES;100
ES;82
ES;108
ES;138
ES;61
ES;62
ES;54
ES;30
ES;80
ES;300
ES;27
ES;103
ES;188
ES;46
ES;75
ES;179
ES;87
ES;70
ES;41
ES;130
ES;102
ES;10
ES;260
ES;69
ES;208
ES;243
ES;24
ES;126
ES;87
ES;80
ES;328
ES;34
ES;434
ES;145
ES;320
ES;70
ES;200
ES;108
ES;15
ES;40
ES;25
ES;35
ES;60
ES;36
ES;42
ES;224
ES;50
ES;60
ES;80
ES;28
ES;328
ES;22
ES;160
ES;176
ES;182
ES;115
ES;176
ES;39
ES;282
ES;56
ES;216
ES;247
ES;66
ES;115
ES;55
ES;60
ES;64
ES;251
ES;24
ES;30
ES;5
ES;62
ES;33
ES;120
ES;41
ES;40
ES;30
ES;80
ES;60
ES;87
ES;70
ES;112
ES;50
ES;30
ES;62
ES;17
ES;50
ES;45
ES;260
ES;25
ES;40
ES;26
ES;10
ES;40
ES;20
ES;20
ES;287
ES;7
ES;34
ES;66
ES;247
ES;113
ES;154
ES;22
ES;30
ES;30
ES;100
ES;102
ES;180
ES;138
ES;59
ES;132
ES;216
ES;160
ES;154
ES;140
ES;10
ES;44
ES;40
ES;60
ES;22
ES;158
DF;342
DF;118
DF;380
DF;188
DF;138
DF;169
DF;122
DF;217
DF;250
DF;260
DF;311
DF;161
DF;722
DF;121
DF;4
DF;143
DF;130
DF;367
DF;426
DF;120
DF;594
DF;244
DF;307
DF;189
DF;240
DF;66
DF;425
DF;316
DF;498
DF;436
DF;516
DF;38
DF;170
DF;150
DF;395
DF;532
DF;220
DF;350
DF;432
DF;441
DF;284
DF;70
DF;56
DF;140
DF;155
DF;106
DF;124
DF;720
DF;101
DF;38
DF;727
DF;382
DF;376
DF;340
DF;210
DF;240
CE;80
CE;146
CE;275
CE;32
CE;20
CE;94
CE;22
CE;43
CE;74
CE;20
CE;14
CE;16
CE;223
CE;87
CE;193
CE;22
CE;48
CE;72
CE;52
CE;86
CE;22
CE;36
CE;18
CE;60
CE;18
CE;111
CE;39
CE;43
CE;795
CE;45
CE;9
CE;20
CE;32
CE;704
CE;25
CE;13
CE;88
CE;78
CE;64
CE;75
CE;46
CE;130
CE;36
CE;90
CE;70
CE;186
CE;160
CE;15
CE;15
CE;26
CE;24
CE;95
CE;240
CE;27
CE;100
CE;19
CE;12
CE;79
CE;79
CE;54
CE;197
CE;91
CE;26
CE;190
CE;98
CE;16
CE;72
CE;15
CE;8
CE;169
CE;48
CE;376
CE;48
CE;8
CE;6
CE;30
CE;25
CE;24
CE;8
CE;15
CE;10
CE;42
CE;36
CE;35
CE;114
CE;31
CE;46
CE;50
CE;80
CE;20
CE;60
CE;493
CE;306
CE;18
CE;120
CE;75
CE;9
CE;31
CE;54
CE;48
CE;57
CE;36
CE;11
CE;27
CE;269
CE;392
CE;96
CE;64
CE;74
CE;36
CE;19
CE;65
CE;56
CE;34
CE;30
CE;48
CE;100
CE;74
CE;24
CE;5
CE;25
CE;68
CE;27
CE;193
CE;15
CE;50
CE;98
CE;60
CE;58
CE;32
CE;80
CE;32
CE;400
CE;18
CE;57
CE;43
CE;36
CE;26
CE;121
CE;86
CE;426
CE;519
CE;519
CE;434
CE;120
CE;215
CE;172
CE;41
CE;250
CE;19
CE;39
CE;330
CE;280
CE;130
CE;36
CE;210
CE;360
CE;50
CE;28
CE;56
CE;227
CE;33
CE;48
CE;48
CE;106
CE;616
CE;93
CE;75
CE;20
CE;75
CE;30
CE;135
CE;24
CE;150
CE;165
CE;138
CE;18
CE;34
CE;192
CE;14
CE;22
CE;34
CE;26
CE;26
CE;65
CE;55
CE;22
CE;10
CE;37
CE;60
CE;14
CE;18
CE;42
CE;30
CE;40
CE;26
CE;72
CE;12
CE;100
CE;42
CE;72
CE;194
CE;7
CE;176
CE;27
CE;45
CE;144
CE;122
CE;135
CE;23
CE;27
CE;14
CE;27
CE;95
CE;23
CE;10
CE;26
CE;34
CE;40
CE;15
CE;23
CE;104
CE;5
CE;447
CE;102
CE;16
CE;20
CE;942
CE;563
CE;390
CE;65
CE;11
CE;38
CE;20
CE;40
CE;18
CE;139
CE;44
CE;16
CE;45
CE;144
CE;70
CE;77
CE;6
CE;28
CE;15
CE;13
CE;18
CE;24
CE;14
CE;54
CE;11
CE;21
CE;59
CE;509
CE;14
CE;45
CE;84
CE;321
CE;37
CE;35
CE;247
CE;15
CE;94
CE;18
CE;30
CE;17
CE;58
CE;10
CE;82
CE;24
CE;24
CE;52
CE;103
CE;30
CE;60
CE;26
CE;141
CE;48
CE;26
CE;73
CE;8
CE;78
CE;93
CE;42
CE;45
CE;11
CE;16
CE;40
CE;45
CE;128
CE;21
CE;46
CE;128
CE;23
CE;75
CE;232
CE;302
CE;56
CE;14
CE;21
CE;23
CE;20
CE;35
CE;39
CE;14
CE;21
CE;55
CE;128
CE;11
CE;30
CE;30
CE;20
CE;50
CE;30
CE;6
CE;8
CE;60
CE;49
CE;16
CE;36
CE;19
CE;47
CE;16
CE;7
CE;50
CE;25
CE;135
CE;24
CE;24
CE;42
CE;29
CE;15
CE;30
CE;24
CE;11
CE;23
CE;77
CE;78
CE;18
CE;40
CE;39
CE;24
CE;61
CE;38
CE;30
CE;22
CE;82
CE;57
CE;312
CE;630
CE;60
CE;60
CE;42
CE;120
CE;36
CE;86
CE;25
CE;15
CE;78
CE;16
CE;52
CE;20
CE;32
CE;576
CE;306
CE;24
CE;51
CE;56
CE;82
CE;58
CE;30
CE;70
CE;112
CE;8
CE;60
CE;200
CE;80
CE;22
CE;9
CE;311
CE;434
CE;26
CE;24
CE;17
CE;62
CE;16
CE;520
CE;58
CE;7
CE;57
CE;75
CE;42
CE;70
CE;50
CE;34
CE;120
CE;31
CE;32
CE;22
CE;253
CE;100
CE;600
CE;20
CE;69
CE;20
CE;45
CE;36
CE;21
CE;40
CE;72
CE;50
CE;24
CE;8
CE;54
CE;43
CE;12
CE;18
BA;46
BA;28
BA;126
BA;62
BA;30
BA;40
BA;89
BA;122
BA;46
BA;203
BA;146
BA;608
BA;180
BA;18
BA;25
BA;35
BA;106
BA;35
BA;42
BA;102
BA;80
BA;24
BA;24
BA;24
BA;40
BA;47
BA;14
BA;100
BA;50
BA;62
BA;84
BA;23
BA;63
BA;93
BA;20
BA;123
BA;96
BA;35
BA;146
BA;250
BA;213
BA;38
BA;65
BA;490
BA;48
BA;667
BA;18
BA;38
BA;210
BA;80
BA;20
BA;70
BA;30
BA;32
BA;12
BA;430
BA;22
BA;36
BA;58
BA;70
BA;232
BA;240
BA;18
BA;46
BA;148
BA;40
BA;285
BA;266
BA;266
BA;65
BA;200
BA;150
BA;60
BA;28
BA;38
BA;500
BA;168
BA;100
BA;700
BA;72
BA;52
BA;48
BA;53
BA;158
BA;47
BA;412
BA;84
BA;300
BA;94
BA;27
BA;420
BA;289
BA;40
BA;192
BA;44
BA;36
BA;412
BA;35
BA;40
BA;20
BA;42
BA;180
BA;42
BA;64
BA;17
BA;16
BA;160
BA;151
BA;164
BA;32
BA;90
BA;47
BA;123
BA;120
BA;27
BA;60
BA;40
BA;230
BA;400
BA;102
BA;457
BA;24
BA;28
BA;135
BA;160
BA;56
BA;68
BA;15
BA;38
BA;21
BA;106
BA;30
BA;392
BA;165
BA;74
BA;120
BA;40
BA;50
BA;60
BA;120
BA;24
BA;50
BA;27
BA;65
BA;144
BA;26
BA;134
BA;155
BA;435
BA;99
BA;33
BA;270
BA;282
BA;275
BA;348
BA;238
BA;30
BA;164
BA;350
BA;410
BA;32
BA;75
BA;64
BA;134
BA;85
BA;96
BA;22
BA;18
BA;93
BA;36
BA;58
BA;48
BA;100
BA;110
BA;180
BA;148
BA;96
BA;96
BA;20
BA;180
BA;58
BA;215
BA;157
BA;46
BA;168
BA;321
BA;75
BA;59
BA;120
BA;94
BA;150
BA;227
BA;168
BA;148
BA;118
BA;66
BA;48
BA;250
BA;132
BA;200
BA;250
BA;187
BA;135
BA;133
BA;187
BA;400
BA;45
BA;32
BA;82
BA;68
BA;101
BA;46
BA;55
BA;97
BA;279
BA;48
BA;97
BA;235
BA;126
BA;30
BA;110
BA;36
BA;52
BA;33
BA;90
BA;252
BA;60
BA;36
BA;18
BA;107
BA;168
BA;80
BA;28
BA;29
BA;65
BA;41
BA;52
BA;30
BA;10
BA;70
BA;81
BA;32
BA;43
BA;39
BA;35
BA;31
BA;16
BA;25
BA;42
BA;118
BA;1.050
BA;437
BA;256
BA;65
BA;120
BA;150
BA;17
BA;48
BA;70
BA;56
BA;57
BA;180
BA;470
BA;106
BA;30
BA;120
BA;161
BA;75
BA;78
BA;40
BA;23
BA;32
BA;25
BA;26
BA;48
BA;32
BA;250
BA;48
BA;250
BA;37
BA;36
BA;350
BA;38
BA;13
BA;104
BA;209
BA;236
BA;150
BA;85
BA;180
BA;95
BA;436
BA;30
BA;8
BA;16
BA;15
BA;160
BA;36
BA;60
BA;68
BA;350
BA;112
BA;33
BA;110
BA;38
BA;64
BA;152
BA;200
BA;22
BA;52
BA;55
BA;38
BA;49
BA;120
BA;40
BA;150
BA;291
BA;700
BA;30
BA;60
BA;70
BA;30
BA;1.752
BA;40
BA;75
BA;42
BA;6
BA;258
BA;210
BA;70
BA;220
BA;70
BA;64
BA;170
BA;33
BA;48
BA;58
BA;304
BA;250
BA;135
BA;600
BA;224
BA;220
BA;88
BA;44
BA;14
BA;59
BA;128
BA;108
BA;280
BA;88
BA;697
BA;840
BA;348
BA;280
BA;200
BA;126
BA;160
BA;9
BA;60
BA;21
BA;28
BA;20
BA;37
BA;80
BA;32
BA;94
BA;43
BA;30
BA;45
BA;66
BA;30
BA;42
BA;14
BA;96
BA;75
BA;30
BA;18
BA;59
BA;46
BA;48
BA;40
BA;50
BA;60
BA;56
BA;40
BA;67
BA;8
BA;52
BA;40
BA;15
BA;35
BA;34
BA;69
BA;77
BA;30
BA;38
BA;28
BA;160
BA;96
BA;210
BA;54
BA;68
BA;36
BA;70
BA;44
BA;54
BA;100
BA;27
BA;108
BA;78
BA;77
BA;28
BA;72
BA;527
BA;108
BA;258
BA;58
BA;54
BA;60
BA;33
BA;66
BA;40
BA;74
BA;41
BA;24
BA;65
BA;144
BA;40
BA;28
BA;52
BA;160
BA;26
BA;12
BA;12
BA;108
BA;110
BA;14
BA;81
BA;60
BA;292
BA;207
BA;150
BA;98
BA;80
BA;123
BA;1.564
BA;64
BA;128
BA;99
BA;243
BA;150
BA;40
BA;240
BA;115
BA;150
BA;98
BA;36
BA;120
BA;140
BA;65
BA;536
BA;70
BA;43
BA;470
BA;470
BA;54
BA;27
BA;48
BA;625
BA;26
BA;128
BA;80
BA;16
BA;20
BA;22
BA;106
BA;16
BA;143
BA;190
BA;24
BA;900
BA;500
BA;126
BA;80
BA;34
BA;962
BA;121
BA;17
BA;70
BA;39
BA;37
BA;22
BA;24
BA;120
BA;47
BA;80
BA;660
BA;324
BA;44
BA;34
BA;100
BA;56
BA;27
BA;60
BA;29
BA;80
BA;46
BA;280
BA;16
BA;12
BA;470
BA;39
BA;60
BA;32
BA;89
AP;42
AP;40
AP;72
AP;113
AP;200
AP;14
AP;24
AP;60
AP;30
AP;78
AP;155
AP;112
AP;84
AP;29
AP;55
AM;158
AM;68
AM;16
AM;24
AM;76
AM;56
AM;100
AM;42
AM;90
AM;10
AM;176
AM;45
AM;202
AM;148
AM;26
AM;22
AM;44
AM;28
AM;64
AM;23
AM;44
AM;26
AM;258
AM;30
AM;108
AM;182
AM;54
AM;293
AM;226
AM;71
AM;38
AM;340
AM;342
AM;152
AM;146
AM;79
AM;36
AM;35
AM;38
AM;40
AM;44
AM;1.088
AM;49
AM;9
AM;264
AM;50
AM;52
AM;195
AM;32
AM;42
AM;26
AM;48
AM;45
AM;140
AM;26
AM;14
AM;20
AM;22
AM;23
AM;32
AM;12
AM;24
AM;32
AM;42
AM;117
AM;40
AM;21
AM;90
AM;49
AM;90
AM;362
AM;540
AM;240
AM;106
AM;203
AM;87
AM;60
AM;60
AM;100
AM;32
AM;75
AM;54
AM;89
AM;39
AM;94
AM;424
AM;264
AM;132
AM;442
AM;75
AM;23
AM;414
AM;342
AM;288
AM;80
AM;60
AM;30
AM;65
AM;16
AM;52
AM;20
AM;27
AM;18
AM;8
AM;36
AM;29
AM;20
AM;40
AM;58
AM;71
AM;40
AM;46
AM;160
AM;336
AM;28
AM;80
AM;48
AM;191
AM;16
AM;22
AM;36
AM;182
AM;27
AM;16
AM;8
AM;12
AM;62
AM;95
AM;119
AM;30
AM;20
AM;33
AM;66
AM;39
AM;34
AM;66
AM;34
AM;61
AM;57
AM;160
AM;58
AM;60
AM;70
AM;20
AM;22
AM;46
AM;264
AM;120
AM;75
AM;48
AM;50
AM;54
AM;26
AM;22
AM;108
AM;20
AM;40
AM;20
AM;62
AM;40
AM;225
AM;30
AM;32
AM;57
AM;60
AM;32
AM;52
AM;10
AM;114
AM;58
AM;60
AM;72
AM;134
AM;36
AM;9
AM;26
AM;80
AM;80
AM;50
AM;66
AM;18
AM;68
AL;39
AL;66
AL;45
AL;48
AL;16
AL;18
AL;80
AL;30
AL;57
AL;411
AL;107
AL;12
AL;39
AL;378
AL;37
AL;28
AL;15
AL;20
AL;26
AL;46
AL;108
AL;51
AL;46
AL;18
AL;45
AL;24
AL;40
AL;42
AL;36
AL;71
AL;30
AL;42
AL;720
AL;47
AL;80
AL;26
AL;80
AL;250
AL;114
AL;96
AL;51
AL;35
AL;556
AL;566
AL;507
AL;219
AL;29
AL;130
AL;96
AL;80
AL;271
AL;144
AL;8
AL;28
AL;75
AL;68
AL;12
AL;52
AL;80
AL;150
AL;308
AL;12
AL;22
AL;24
AL;25
AL;106
AL;186
AL;52
AL;89
AL;45
AL;15
AL;18
AL;35
AL;28
AL;20
AL;16
AL;41
AL;540
AL;75
AL;31
AL;321
AL;40
AL;32
AL;19
AL;252
AL;24
AL;120
AL;27
AL;50
AL;30
AL;521
AL;32
AL;30
AL;32
AL;66
AL;24
AL;67
AL;88
AL;240
AL;140
AL;20
AL;80
AL;108
AL;26
AL;52
AL;339
AL;137
AL;70
AL;173
AL;50
AL;980
AL;66
AL;60
AL;78
AL;28
AL;62
AL;90
AL;72
AL;64
AL;99
AL;50
AL;100
AL;10
AL;26
AL;21
AL;33
AL;40
AL;111
AL;26
AL;28
AL;11
AL;15
AL;117
AL;188
AL;18
AL;100
AL;530
AL;240
AL;18
AL;96
AL;260
AL;36
AL;24
AL;80
AL;146
AL;225
AL;450
AL;390
AL;18
AL;262
AL;56
AL;58
AL;330
AL;398
AL;67
AL;54
AL;45
AL;60
AL;23
AL;90
AL;160
AL;24
AC;85
AC;120
AC;46
AC;32
AC;54
AC;73
AC;108
AC;23
AC;74
AC;45
AC;28
AC;76
AC;27
AC;128
AC;70
AC;52
AC;42
AC;44
AC;26
AC;44
AC;27
AC;33
AC;310
AC;44
AC;35
AC;32
AC;56
AC;68
AC;66
AC;56
AC;48
AC;12
AC;58
AC;90
AC;80
AC;45
AC;104
AC;240
AC;78
AC;62
AC;36
AC;130
AC;72
AC;80
AC;72
AC;250
AC;361
AC;34
AC;42
AC;61
AC;23
AC;44
AC;40
AC;24
AC;14
AC;69
AC;26
AC;60
AC;78
AC;48
AC;4
AC;164
AC;59
AC;38
AC;38
AC;20
AC;65
AC;18
AC;32
AC;120
AC;18
AC;20
AC;135
AC;23
AC;30
AC;34
AC;58
AC;20
AC;76
AC;238
AC;72
AC;16
AC;63
AC;33
AC;52
AC;36
AC;42
AC;154
AC;46
AC;72
AC;5
AC;40
AC;75
AC;48
AC;17
AC;78
AC;26
